timestamp,duration_min,fm_theta_rel_mean,fm_theta_rel_best,iaf_mean,iaf_best,alpha_mean,alpha_best,beta_mean,beta_best,theta_alpha_mean,theta_alpha_best,hrv_mean,hrv_best,mw_count,mw_rate_per_min,mw_time_to_first_tap_s,aperiodic_exponent,alpha_osc_db,alpha_cf_hz,delta_rel_pct,theta_rel_pct,alpha_rel_pct,artifact_reject_pct,breathing_rate_bpm,breathing_rate_std,rsa_amplitude_ms,rsa_band_power_ms2
2025-11-20 16:30:01,19.320,,,8.600,8.750,4.810,4.980,-4.380,-4.680,0.240,0.290,,,,,,,,,,,,,,,,
2025-11-21 06:33:47,29.139,,,8.750,8.880,2.440,4.850,-3.560,-5.060,0.820,2.870,,,,,,,,,,,,,,,,
2025-11-24 09:52:13,14.130,,,8.720,8.880,3.950,4.400,-5.020,-5.470,0.790,1.090,,,,,,,,,,,,,,,,
2025-11-25 07:34:58,14.064,,,8.940,9.130,3.290,3.590,-6.320,-6.710,0.390,0.480,,,,,,,,,,,,,,,,
2025-11-25 15:59:08,10.633,,,9.960,12.380,5.510,5.830,-1.040,-1.970,0.230,0.250,,,,,,,,,,,,,,,,
2025-11-26 07:54:52,14.159,,,8.750,8.880,3.440,3.750,-5.750,-6.440,0.870,1.210,,,,,,,,,,,,,,,,
2025-11-27 08:10:54,19.206,,,8.690,8.880,3.060,3.590,-6.270,-6.640,0.740,1.280,,,,,,,,,,,,,,,,
2025-11-28 07:24:07,26.357,,,8.690,8.880,1.610,2.330,-6.790,-7.800,0.550,0.730,,,,,,,,,,,,,,,,
2025-11-29 07:28:17,39.066,,,8.690,8.880,3.480,3.650,-5.440,-6.930,0.690,0.950,,,,,,,,,,,,,,,,
2025-11-30 06:15:09,17.902,,,8.600,8.630,3.270,4.770,-6.440,-8.190,0.870,1.190,,,,,,,,,,,,,,,,
2025-12-01 07:49:40,23.911,,,8.660,8.750,4.530,5.180,-0.930,-1.270,0.360,0.450,,,,,,,,,,,,,,,,
2025-12-01 22:48:14,13.603,,,8.750,8.880,2.250,2.620,-4.200,-4.620,0.370,0.340,,,,,,,,,,,,,,,,
2025-12-02 07:30:34,29.551,,,8.650,8.880,3.700,4.500,-3.950,-4.340,0.450,0.550,,,,,,,,,,,,,,,,
2025-12-03 07:44:25,33.381,,,8.640,8.880,3.380,3.740,-4.080,-4.970,1.060,1.550,,,,,,,,,,,,,,,,
2025-12-04 07:40:03,29.894,,,10.080,12.500,4.450,5.410,-4.640,-6.580,0.230,0.360,,,,,,,,,,,,,,,,
2025-12-05 07:35:28,30.557,,,8.640,8.750,3.570,4.090,-4.590,-6.560,0.810,1.220,,,,,,,,,,,,,,,,
2025-12-06 06:24:12,36.760,,,8.670,8.750,3.190,4.510,-7.420,-8.510,0.500,1.570,,,,,,,,,,,,,,,,
2025-12-08 07:39:33,30.131,,,8.710,8.880,5.740,8.500,-3.700,-6.510,1.280,2.910,,,,,,,,,,,,,,,,
2025-12-09 07:26:30,34.907,,,8.710,8.750,3.140,3.630,-7.710,-9.150,0.490,0.630,,,,,,,,,,,,,,,,
2025-12-10 07:48:20,33.553,,,8.690,8.880,2.810,3.560,-6.050,-6.670,0.300,0.350,,,,,,,,,,,,,,,,
2025-12-11 07:37:21,35.177,,,10.410,11.500,6.600,8.210,-4.170,-5.300,0.470,1.010,,,,,,,,,,,,,,,,
2025-12-12 07:48:35,30.345,,,8.670,8.880,3.900,9.500,-6.030,-7.450,0.840,3.170,,,,,,,,,,,,,,,,
2025-12-15 08:33:40,22.181,,,8.710,8.880,6.000,6.260,-3.670,-4.310,0.290,0.300,,,,,,,,,,,,,,,,
2025-12-16 07:36:15,33.758,,,8.710,8.880,4.800,7.360,-4.270,-6.650,0.960,2.210,,,,,,,,,,,,,,,,
2025-12-17 07:43:23,40.252,,,8.660,8.880,4.500,5.300,-6.100,-6.760,0.260,0.420,,,,,,,,,,,,,,,,
2025-12-18 07:45:18,33.773,,,8.810,9.000,2.630,3.510,-8.650,-9.300,0.330,0.440,,,,,,,,,,,,,,,,
2025-12-19 07:39:20,34.080,,,8.670,8.880,3.270,3.360,-7.030,-7.790,1.110,2.000,,,,,,,,,,,,,,,,
2025-12-20 06:53:53,31.400,,,8.790,8.880,3.770,4.570,-5.580,-5.940,0.620,0.970,,,,,,,,,,,,,,,,
2025-12-22 07:35:33,33.911,,,8.830,9.000,5.580,6.320,-2.390,-4.880,1.430,1.720,,,,,,,,,,,,,,,,
2025-12-23 07:35:21,30.623,,,8.820,9.000,2.820,3.260,-7.150,-7.760,1.180,3.650,,,,,,,,,,,,,,,,
2025-12-24 07:45:35,32.061,,,8.740,8.880,3.190,3.690,-6.860,-7.280,0.380,0.590,,,,,,,,,,,,,,,,
2025-12-25 07:45:46,38.587,,,8.830,9.000,2.550,3.270,-8.370,-9.100,0.380,0.670,,,,,,,,,,,,,,,,
2025-12-28 19:55:40,26.401,,,8.730,8.750,6.110,6.450,-3.260,-3.970,0.240,0.260,,,,,,,,,,,,,,,,
2025-12-30 21:12:19,4.944,,,8.380,,2.520,,-6.800,,0.420,,,,,,,,,,,,,,,,,
2026-01-03 07:46:08,29.231,,,8.540,8.750,3.560,4.230,-7.700,-8.430,0.470,0.660,,,,,,,,,,,,,,,,
2026-01-05 07:36:57,28.583,,,8.680,8.750,4.140,4.610,-3.240,-3.710,1.060,1.610,,,,,,,,,,,,,,,,
2026-01-06 07:32:01,29.480,,,8.600,8.750,5.840,9.130,-2.750,-4.300,1.290,2.180,,,,,,,,,,,,,,,,
2026-01-07 07:58:06,29.179,,,8.560,8.750,4.570,4.830,-4.010,-4.500,0.510,0.660,,,,,,,,,,,,,,,,
2026-01-08 08:10:40,24.788,,,8.570,8.750,3.710,4.630,-5.450,-6.260,0.850,1.320,,,,,,,,,,,,,,,,
2026-01-09 07:47:45,31.418,,,8.740,8.880,4.390,7.620,-3.940,-6.170,1.270,1.920,,,,,,,,,,,,,,,,
2026-01-11 07:17:50,30.367,,,8.670,8.750,4.680,8.580,-3.960,-7.390,1.400,3.290,,,,,,,,,,,,,,,,
2026-01-12 06:22:12,30.915,,,8.610,8.750,3.740,5.460,-4.160,-5.330,0.880,2.160,,,,,,,,,,,,,,,,
2026-01-14 07:30:14,29.568,,,8.670,8.880,3.130,3.900,-5.740,-6.770,1.040,1.790,34.698,40.537,,,,,,,,,,,,,,
2026-01-15 07:29:00,29.095,,,8.640,8.750,2.970,4.420,-3.880,-5.270,1.650,2.080,58.019,75.307,,,,,,,,,,,,,,
2026-01-16 07:19:47,29.976,,,8.630,8.880,4.070,6.250,-2.160,-3.360,1.400,3.200,90.375,124.197,,,,,,,,,,,,,,
2026-01-17 07:05:55,29.400,,,8.590,9.000,5.510,7.150,2.530,0.040,1.540,2.210,33.724,39.765,,,,,,,,,,,,,,
2026-01-18 07:28:16,19.723,,,8.630,8.750,3.050,3.140,-4.650,-5.160,0.500,0.460,32.295,37.776,,,,,,,,,,,,,,
2026-01-19 08:40:35,29.565,,,8.890,9.000,4.830,5.410,-5.210,-6.550,0.590,1.230,30.309,34.942,,,,,,,,,,,,,,
2026-01-20 07:58:40,16.527,,,8.780,8.880,3.100,3.240,-5.550,-6.250,0.450,0.470,30.963,35.853,,,,,,,,,,,,,,
2026-01-21 08:15:40,21.253,,,8.810,8.880,4.220,5.620,-4.050,-4.710,1.110,3.130,31.001,35.103,,,,,,,,,,,,,,
2026-01-22 07:43:10,26.856,,,,,,,,,,,,,,,,,,,,,,,,,,
2026-01-23 07:41:56,28.694,,,8.890,9.250,4.220,5.120,-2.630,-3.790,1.900,3.150,40.742,46.869,,,,,,,,,,,,,,
2026-01-24 07:42:35,30.753,,,8.500,8.880,6.380,8.610,8.600,4.460,3.360,6.340,34.160,43.394,,,,,,,,,,,,,,
2026-01-26 08:30:00,23.560,,,8.710,8.750,5.110,5.530,-4.510,-5.530,0.260,0.390,41.584,47.056,,,,,,,,,,,,,,
2026-01-27 07:37:41,24.328,,,8.550,8.630,3.800,3.960,-5.530,-6.610,1.680,2.870,46.468,51.688,,,,,,,,,,,,,,
2026-01-28 06:14:59,26.697,,,8.560,8.750,3.820,4.350,-2.410,-3.810,0.370,0.340,20.252,24.985,,,,,,,,,,,,,,
2026-01-29 06:22:10,30.451,,,8.640,8.750,3.900,4.470,-1.790,-2.710,0.770,1.310,38.419,70.756,,,,,,,,,,,,,,
2026-01-31 06:46:11,28.666,,,8.690,8.750,4.510,5.190,-2.920,-4.160,0.470,1.110,25.783,32.901,,,,,,,,,,,,,,
2026-02-02 07:38:33,29.100,,,8.560,8.750,6.420,8.880,-0.710,-3.170,4.390,9.660,46.487,62.973,,,,,,,,,,,,,,
2026-02-04 06:27:45,24.029,,,8.640,8.750,3.230,3.590,-4.510,-5.950,0.570,0.850,145.451,221.943,,,,,,,,,,,,,,
2026-02-05 07:56:53,32.840,,,8.750,8.880,5.600,8.500,-4.330,-6.990,1.830,4.170,,,,,,,,,,,,,,,,
2026-02-06 07:43:47,31.892,,,8.780,8.880,4.700,7.000,-4.560,-6.050,1.110,2.160,33.013,38.701,,,,,,,,,,,,,,
2026-02-07 06:52:19,31.005,,,8.760,8.880,4.940,8.680,-1.610,-4.300,1.100,2.800,23.691,33.020,,,,,,,,,,,,,,
2026-02-09 07:54:48,20.401,,,8.630,8.630,4.840,5.210,-0.780,-1.500,0.790,0.910,21.567,30.257,,,,,,,,,,,,,,
2026-02-11 07:44:50,26.155,,,8.720,8.880,5.130,6.270,-3.940,-5.840,1.180,2.320,64.224,129.335,,,,,,,,,,,,,,
2026-02-12 07:53:15,25.371,,,8.700,8.750,4.360,6.210,-3.820,-5.060,1.110,1.770,45.067,53.673,,,,,,,,,,,,,,
2026-02-13 07:32:59,33.347,,,8.640,8.750,4.290,4.510,-6.200,-6.660,0.560,0.780,41.484,53.085,,,,,,,,,,,,,,
2026-02-14 07:18:39,28.027,,,8.630,8.880,4.110,4.520,-6.670,-7.060,0.430,0.600,56.346,81.752,,,,,,,,,,,,,,
2026-02-17 07:47:56,25.125,,,8.640,8.750,4.160,4.690,-5.940,-6.600,0.320,0.330,49.192,82.006,,,,,,,,,,,,,,
2026-02-18 07:45:42,19.620,,,8.560,8.630,5.500,5.490,-3.140,-3.820,0.830,0.570,32.905,38.604,,,,,,,,,,,,,,
2026-02-19 07:34:16,24.778,,,8.590,8.750,6.170,6.450,-3.300,-3.560,0.750,1.210,56.652,70.059,,,,,,,,,,,,,,
2026-02-21 07:54:59,25.302,,,8.940,9.130,4.120,4.470,-2.890,-3.610,0.540,1.290,65.584,113.072,,,,,,,,,,,,,,
2026-02-24 07:33:09,32.275,,,8.760,8.880,3.700,5.030,-6.340,-8.490,0.930,1.320,37.522,78.544,,,,,,,,,,,,,,
2026-03-17 07:51:15,19.369,,,9.100,10.000,4.850,4.700,-5.100,-7.660,0.610,0.690,,,,,,,,,,,,,,,,
2026-03-23 07:55:26,26.397,,,8.730,8.880,4.560,4.910,-5.550,-5.940,0.330,0.330,61.721,97.474,,,,,,,,,,,,,,
2026-03-24 07:42:22,20.530,,,8.730,8.880,4.640,5.470,-4.710,-5.160,0.390,0.560,30.889,39.978,,,,,,,,,,,,,,
2026-04-03 08:02:17,23.576,,,11.950,12.750,7.520,8.200,-1.450,-2.460,0.680,0.400,,,,,,,,,,,,,,,,
2026-05-01 07:44:42,19.758,,,8.670,8.750,4.270,4.440,-5.200,-5.730,0.290,0.320,,,,,,,,,,,,,,,,
2026-05-02 07:58:02,25.866,,,8.690,8.750,3.960,5.000,-6.350,-7.260,0.430,0.890,,,,,,,,,,,,,,,,
2026-05-11 06:39:10,21.110,,,8.900,9.000,2.890,3.600,-6.900,-7.370,0.450,0.580,,,,,,,,,,,,,,,,
2026-05-12 06:57:12,19.706,,,8.600,8.630,5.170,5.900,-3.570,-4.640,0.260,0.280,,,,,,,,,,,,,,,,
2026-06-10 07:46:05,14.455,-11.610,-10.935,8.560,8.630,2.790,3.600,-6.230,-7.260,1.130,1.850,,,,,,,,,,,,,,,,
2026-07-11 07:29:26,13.264,-11.029,-10.675,8.780,8.880,1.780,3.760,-6.610,-6.780,0.980,1.850,,,,,,,,,,,,,,,,
2026-07-16 07:30:03,18.863,-10.667,-10.364,8.730,8.750,1.470,2.180,-7.950,-8.710,0.840,0.990,,,,,,,,,,,,,,,,
2026-07-19 07:40:49,19.439,-11.820,-11.571,8.730,8.880,2.930,3.160,-6.050,-7.280,0.680,1.020,,,,,,,,,,,,,,,,
2026-07-22 07:24:35,14.578,-10.824,-10.496,8.625,8.750,4.240,4.080,-5.369,-5.803,0.312,0.320,,,,,,1.345,5.147,8.717,33.675,12.840,42.266,3.196,,,,
2026-07-28 06:48:38,19.908,-12.179,-11.223,8.792,9.000,3.729,4.541,-5.794,-6.578,0.508,0.935,,,,,,1.530,4.810,8.854,49.679,12.167,26.499,6.145,,,,
2026-07-31 06:59:37,16.557,-10.923,-10.769,8.650,8.750,3.019,3.341,-5.985,-6.923,0.614,0.496,,,,,,1.665,3.054,8.757,51.624,15.175,26.385,9.337,,,,
2026-08-02 06:48:56,15.786,-10.622,-10.393,8.688,8.750,2.415,2.353,-6.292,-8.062,1.081,1.114,21.715,26.442,,,,1.616,4.284,8.748,62.530,17.357,17.078,1.160,3.984,0.940,125.591,1536.366
2026-08-07 07:38:48,19.095,-11.339,-10.652,8.625,8.750,4.204,4.878,-6.752,-7.184,0.413,0.483,,,,,,1.377,6.584,8.675,38.326,11.952,30.019,2.526,,,,
2026-08-10 07:22:13,17.404,-11.318,-11.282,8.650,8.750,4.149,4.651,-5.667,-5.881,0.511,0.502,35.292,38.669,,,,1.422,4.990,8.727,49.138,14.372,28.715,1.437,3.750,0.974,168.611,2168.191
2026-08-11 07:58:55,10.409,-10.916,-10.785,11.167,12.500,6.634,6.973,-4.349,-5.510,0.248,0.318,26.027,28.281,,,,1.433,6.850,12.610,37.337,8.376,35.302,7.258,4.922,1.016,146.391,1264.113
2026-08-12 07:32:11,15.608,-10.625,-10.156,10.250,11.000,5.278,5.416,-3.339,-6.134,0.271,0.297,36.392,48.841,,,,0.791,7.905,8.586,28.084,10.798,40.145,0.962,4.219,1.042,133.829,781.901
2026-08-15 07:17:29,12.701,-10.787,-10.585,8.583,8.750,2.477,2.500,-7.089,-7.546,0.596,0.550,83.290,111.235,,,,1.375,5.387,8.655,53.138,15.374,26.544,3.989,2.578,0.854,373.962,10283.537
2026-08-19 07:32:44,18.665,-14.418,-13.737,8.700,8.750,3.508,4.363,-7.170,-7.869,0.384,0.417,32.347,38.861,,,,1.340,6.373,8.702,41.260,12.769,36.997,2.256,4.219,1.186,124.442,1029.019
2026-08-27 07:09:41,13.586,-10.043,-10.022,8.438,8.500,3.277,3.369,-2.987,-3.519,0.843,0.949,34.083,38.614,,,,1.672,3.468,8.644,54.019,15.191,20.180,5.392,3.281,0.862,151.904,1210.674
2026-09-15 08:11:43,13.947,-10.123,-9.835,8.562,8.500,2.273,2.831,-8.774,-9.124,0.281,0.277,60.742,100.170,9.000,0.611,66.369,1.352,6.344,8.583,32.173,12.361,45.964,3.382,3.516,0.857,206.440,1636.438
2026-09-16 08:06:18,15.158,-10.309,-9.752,8.688,8.750,2.120,2.564,-7.449,-7.951,0.354,0.387,45.076,55.812,14.000,0.886,154.153,1.355,5.580,8.767,45.817,11.906,35.329,3.977,3.281,0.988,165.788,967.957
2026-09-17 08:40:04,8.867,-10.583,-10.522,8.500,8.500,4.390,3.874,-6.340,-6.983,0.305,0.262,,,,,,0.958,8.008,8.546,38.351,12.782,42.292,1.504,,,,
2026-09-18 08:46:08,9.065,-10.189,-10.072,8.625,8.750,3.774,3.454,-4.733,-5.064,0.268,0.275,,,12.000,1.188,53.113,0.635,6.948,8.599,30.960,12.203,45.433,0.551,,,,
2026-09-19 07:57:03,8.717,-11.597,-12.198,8.500,8.500,6.226,5.741,-5.084,-5.139,0.179,0.162,,,10.000,1.023,74.824,0.863,8.778,8.665,22.396,7.380,40.696,5.916,,,,
2026-09-21 07:40:38,13.545,-10.393,-10.209,8.500,8.500,3.473,4.102,-1.750,-2.051,0.309,0.334,,,11.000,1.145,102.060,1.015,7.189,8.605,34.127,9.369,30.408,0.493,,,,
2026-09-22 08:09:41,10.444,-10.090,-9.698,8.500,8.500,1.866,2.105,-5.789,-5.623,0.555,0.687,,,18.000,1.562,40.995,1.207,5.690,8.605,42.942,14.714,27.692,1.274,,,,
2026-09-26 08:50:10,9.966,-11.196,-11.290,8.750,8.750,3.183,3.260,-7.707,-7.983,0.285,0.231,,,14.000,1.260,30.102,1.026,7.974,8.857,46.438,9.706,34.976,2.778,,,,
2026-09-29 07:38:46,10.234,-11.862,-11.762,8.667,8.750,4.350,4.368,-6.695,-7.319,0.283,0.308,,,,,,1.018,7.757,8.604,32.160,13.187,48.217,0.974,,,,
